{
  "id": "sta",
  "title": "Star Trek Adventures Roleplaying Game",
  "description": "An unofficial rendition of the Modiphius tabletop role playing game system.",
  "version": "1.2.1",
  "compatibility": {
    "verified": "12",
    "minimum": "9"
  },
  "authors": [
    {
      "name": "mkscho63",
      "name": "tokeidlom",
      "flags": {}
    }
  ],
  "esmodules": [
    "module/sta.js"
  ],
  "socket": true,
  "styles": [
    "sta.css","sta-lcars-ui.css"
  ],
  "languages": [
    {
      "lang": "en",
      "name": "English",
      "path": "lang/en.json",
      "flags": {}
    },
    {
      "lang": "es",
      "name": "Spanish",
      "path": "lang/es.json",
      "flags": {}
    },
    {
      "lang": "de",
      "name": "German",
      "path": "lang/de.json",
      "flags": {}
    },
    {
      "lang": "fr",
      "name": "French",
      "path": "lang/fr.json",
      "flags": {}
    },
    {
      "lang": "pt",
      "name": "Portugese",
      "path": "lang/pt.json",
      "flags": {}
    }
  ],
  "grid": 
  {
    "distance": 5,
    "units": "m"
  },
  "primaryTokenAttribute": "stress",
  "secondaryTokenAttribute": "determination",
  "url": "https://github.com/tokeidlom/STA-1E-2E",
  "manifest": "https://raw.githubusercontent.com/tokeidlom/STA-1E-2E/master/src/system.json",
  "download": "https://raw.githubusercontent.com/tokeidlom/STA-1E-2E/master/package/sta-v1.2.1.zip"
}